{"cameraMode":{"drawMode":0,"name":"Shaded","section":"Shading Mode"},"sceneLighting":true,"audioPlay":false,"sceneViewState":{"showFog":true,"showMaterialUpdate":false,"showSkybox":true,"showFlares":true,"showImageEffects":true,"showParticleSystems":true},"in2DMode":false,"pivot":{"x":-1.5225436687469483,"y":1.3859801292419434,"z":1.0828609466552735},"rotation":{"x":0.02442210726439953,"y":-0.9754055142402649,"z":0.16392265260219575,"w":0.145321786403656},"size":10.86693000793457,"orthographic":false}